Sample_ID,Genus,Species,Lat,Lon,Day,Month,Year,d2H,d2H_sd,Sr8786,Sr8786_sd
RVcoll07F538,Vanessa,cardui,-30.2,17.933,14,10,2007,-36,2,0.72384,0.00014
RVcoll07F540,Vanessa,cardui,-33.4982,21.2673,28,10,2007,-31,2,0.71247,0.00011
RVcoll07F541,Vanessa,cardui,-33.4982,21.2673,28,10,2007,-50,2,0.71355,0.00005
RVcoll07F542,Vanessa,cardui,-33.4982,21.2673,28,10,2007,-32,2,0.71165,0.00007
RVcoll07F553,Vanessa,cardui,-30.4,17.432,31,8,2007,-68,2,0.71197,0.00016
RVcoll07F554,Vanessa,cardui,-32.117,18.917,2,9,2007,-54,2,0.71341,0.00013
RVcoll07F555,Vanessa,cardui,-32.4045,20.6598,30,9,2007,-56,2,0.71524,0.00004
RVcoll14B025,Vanessa,cardui,-31.3728,19.1037,23,9,2013,-61,2,0.71034,0.00004
RVcoll14B026,Vanessa,cardui,-32.1842,18.8935,22,9,2013,-9,2,0.71660,0.00009
RVcoll14B028,Vanessa,cardui,-31.4725,19.7691,1,10,2012,-25,2,0.71612,0.00011
RVcoll14B029,Vanessa,cardui,-34.3582,18.878,15,9,2013,-65,2,0.71313,0.00002
